DATE_m,TAVG,temp_celsius,Month,ref_temp,Diff
195201,29.478,-1.401,01,-5.351,3.950
195202,24.800,-4.000,02,-5.941,1.941
195203,13.808,-10.107,03,-2.440,-7.666
195204,39.607,4.226,04,3.424,0.802
195205,44.667,7.037,05,10.180,-3.143
195206,56.500,13.611,06,14.668,-1.057
195207,61.214,16.230,07,17.281,-1.050
195208,57.484,14.158,08,15.604,-1.446
195209,47.231,8.462,09,10.596,-2.135
195210,35.893,2.163,10,5.488,-3.325
195211,27.714,-2.381,11,0.646,-3.027
195212,26.760,-2.911,12,-3.211,0.300
195301,22.286,-5.397,01,-5.351,-0.046
195302,16.407,-8.663,02,-5.941,-2.721
195303,31.130,-0.483,03,-2.440,1.957
195304,39.963,4.424,04,3.424,1.000
195305,48.677,9.265,05,10.180,-0.915
195306,62.667,17.037,06,14.668,2.369
195307,62.720,17.067,07,17.281,-0.214
195308,59.207,15.115,08,15.604,-0.489
195309,49.370,9.650,09,10.596,-0.946
195310,45.000,7.222,10,5.488,1.734
195311,34.536,1.409,11,0.646,0.763
195312,29.677,-1.290,12,-3.211,1.921
195401,19.269,-7.073,01,-5.351,-1.722
195402,11.250,-11.528,02,-5.941,-5.586
195403,29.714,-1.270,03,-2.440,1.171
195404,34.542,1.412,04,3.424,-2.012
195405,52.621,11.456,05,10.180,1.276
195406,57.038,13.910,06,14.668,-0.758
195407,62.464,16.925,07,17.281,-0.356
195408,59.276,15.153,08,15.604,-0.450
195409,52.346,11.303,09,10.596,0.707
195410,41.273,5.152,10,5.488,-0.336
195411,32.120,0.067,11,0.646,-0.579
195412,31.857,-0.079,12,-3.211,3.132
195501,22.148,-5.473,01,-5.351,-0.122
195502,17.125,-8.264,02,-5.941,-2.323
195503,21.667,-5.741,03,-2.440,-3.300
195504,30.130,-1.039,04,3.424,-4.462
195505,42.966,6.092,05,10.180,-4.088
195506,54.423,12.457,06,14.668,-2.211
195507,64.280,17.933,07,17.281,0.653
195508,64.259,17.922,08,15.604,2.318
195509,55.542,13.079,09,10.596,2.483
195510,42.556,5.864,10,5.488,0.376
195511,29.958,-1.134,11,0.646,-1.780
195512,12.036,-11.091,12,-3.211,-7.880
195601,17.360,-8.133,01,-5.351,-2.782
195602,5.810,-14.550,02,-5.941,-8.609
195603,24.103,-4.387,03,-2.440,-1.947
195604,31.321,-0.377,04,3.424,-3.801
195605,47.567,8.648,05,10.180,-1.532
195606,60.304,15.725,06,14.668,1.057
195607,59.750,15.417,07,17.281,-1.864
195608,54.750,12.639,08,15.604,-2.965
195609,47.214,8.452,09,10.596,-2.144
195610,40.032,4.462,10,5.488,-1.025
195611,23.783,-4.565,11,0.646,-5.211
195612,27.586,-2.452,12,-3.211,0.759
195701,27.607,-2.440,01,-5.351,2.910
195702,25.667,-3.519,02,-5.941,2.423
195703,18.880,-7.289,03,-2.440,-4.849
195704,34.950,1.639,04,3.424,-1.785
195705,46.895,8.275,05,10.180,-1.905
195706,54.333,12.407,06,14.668,-2.260
195707,64.100,17.833,07,17.281,0.553
195708,59.645,15.358,08,15.604,-0.245
195709,48.867,9.370,09,10.596,-1.226
195710,42.172,5.651,10,5.488,0.164
195711,33.483,0.824,11,0.646,0.178
195712,28.355,-2.025,12,-3.211,1.186
195801,17.032,-8.315,01,-5.351,-2.964
195802,14.964,-9.464,02,-5.941,-3.523
195803,18.355,-7.581,03,-2.440,-5.140
195804,33.833,1.019,04,3.424,-2.405
195805,46.806,8.226,05,10.180,-1.954
195806,56.100,13.389,06,14.668,-1.279
195807,59.613,15.341,07,17.281,-1.940
195808,58.129,14.516,08,15.604,-1.088
195809,50.733,10.407,09,10.596,-0.189
195810,43.000,6.111,10,5.488,0.623
195811,37.733,3.185,11,0.646,2.539
195812,20.097,-6.613,12,-3.211,-3.402
195901,22.733,-5.148,01,-5.351,0.203
195902,27.750,-2.361,02,-5.941,3.580
195903,32.581,0.323,03,-2.440,2.763
195904,38.967,3.870,04,3.424,0.447
195905,49.452,9.695,05,10.180,-0.485
195906,59.133,15.074,06,14.668,0.406
195907,64.097,17.832,07,17.281,0.551
195908,62.538,16.966,08,15.604,1.362
195909,47.862,8.812,09,10.596,-1.784
195910,40.581,4.767,10,5.488,-0.721
195911,34.533,1.407,11,0.646,0.762
195912,22.733,-5.148,12,-3.211,-1.937
196001,13.586,-10.230,01,-5.351,-4.879
196002,15.931,-8.927,02,-5.941,-2.986
196003,23.742,-4.588,03,-2.440,-2.147
196004,35.333,1.852,04,3.424,-1.572
196005,51.767,10.981,05,10.180,0.802
196006,61.300,16.278,06,14.668,1.610
196007,64.517,18.065,07,17.281,0.785
196008,59.194,15.108,08,15.604,-0.496
196009,50.200,10.111,09,10.596,-0.485
196010,37.903,3.280,10,5.488,-2.208
196011,30.767,-0.685,11,0.646,-1.331
196012,31.419,-0.323,12,-3.211,2.889
196101,25.433,-3.648,01,-5.351,1.703
196102,31.357,-0.357,02,-5.941,5.584
196103,32.645,0.358,03,-2.440,2.799
196104,36.733,2.630,04,3.424,-0.794
196105,49.806,9.892,05,10.180,-0.287
196106,62.600,17.000,06,14.668,2.332
196107,60.548,15.860,07,17.281,-1.420
196108,57.516,14.176,08,15.604,-1.428
196109,49.500,9.722,09,10.596,-0.874
196110,47.581,8.656,10,5.488,3.168
196111,35.100,1.722,11,0.646,1.076
196112,22.871,-5.072,12,-3.211,-1.860
196201,25.419,-3.656,01,-5.351,1.695
196202,22.643,-5.198,02,-5.941,0.743
196203,18.516,-7.491,03,-2.440,-5.051
196204,38.800,3.778,04,3.424,0.354
196205,47.452,8.584,05,10.180,-1.596
196206,53.667,12.037,06,14.668,-2.631
196207,58.323,14.624,07,17.281,-2.657
196208,55.452,13.029,08,15.604,-2.575
196209,48.867,9.370,09,10.596,-1.226
196210,44.226,6.792,10,5.488,1.304
196211,34.700,1.500,11,0.646,0.854
196212,19.742,-6.810,12,-3.211,-3.599
196301,14.194,-9.892,01,-5.351,-4.542
196302,12.500,-10.833,02,-5.941,-4.892
196303,16.290,-8.728,03,-2.440,-6.287
196304,37.067,2.815,04,3.424,-0.609
196305,55.774,13.208,05,10.180,3.028
196306,58.690,14.828,06,14.668,0.160
196307,62.387,16.882,07,17.281,-0.399
196308,61.419,16.344,08,15.604,0.740
196309,54.733,12.630,09,10.596,2.033
196310,42.839,6.022,10,5.488,0.534
196311,31.667,-0.185,11,0.646,-0.831
196312,24.548,-4.140,12,-3.211,-0.928
196401,,,01,-5.351,
196402,,,02,-5.941,
196403,,,03,-2.440,
196404,,,04,3.424,
196405,,,05,10.180,
196406,,,06,14.668,
196407,,,07,17.281,
196408,,,08,15.604,
196409,,,09,10.596,
196410,,,10,5.488,
196411,,,11,0.646,
196412,,,12,-3.211,
196501,,,01,-5.351,
196502,,,02,-5.941,
196503,,,03,-2.440,
196504,,,04,3.424,
196505,,,05,10.180,
196506,,,06,14.668,
196507,,,07,17.281,
196508,,,08,15.604,
196509,,,09,10.596,
196510,,,10,5.488,
196511,,,11,0.646,
196512,,,12,-3.211,
196601,,,01,-5.351,
196602,,,02,-5.941,
196603,,,03,-2.440,
196604,,,04,3.424,
196605,,,05,10.180,
196606,,,06,14.668,
196607,,,07,17.281,
196608,,,08,15.604,
196609,,,09,10.596,
196610,,,10,5.488,
196611,,,11,0.646,
196612,,,12,-3.211,
196701,,,01,-5.351,
196702,,,02,-5.941,
196703,,,03,-2.440,
196704,,,04,3.424,
196705,,,05,10.180,
196706,,,06,14.668,
196707,,,07,17.281,
196708,,,08,15.604,
196709,,,09,10.596,
196710,,,10,5.488,
196711,,,11,0.646,
196712,,,12,-3.211,
196801,,,01,-5.351,
196802,,,02,-5.941,
196803,,,03,-2.440,
196804,,,04,3.424,
196805,,,05,10.180,
196806,,,06,14.668,
196807,,,07,17.281,
196808,,,08,15.604,
196809,,,09,10.596,
196810,,,10,5.488,
196811,,,11,0.646,
196812,,,12,-3.211,
196901,,,01,-5.351,
196902,,,02,-5.941,
196903,,,03,-2.440,
196904,,,04,3.424,
196905,,,05,10.180,
196906,,,06,14.668,
196907,,,07,17.281,
196908,,,08,15.604,
196909,,,09,10.596,
196910,,,10,5.488,
196911,,,11,0.646,
196912,,,12,-3.211,
197001,,,01,-5.351,
197002,,,02,-5.941,
197003,,,03,-2.440,
197004,,,04,3.424,
197005,,,05,10.180,
197006,,,06,14.668,
197007,,,07,17.281,
197008,,,08,15.604,
197009,,,09,10.596,
197010,,,10,5.488,
197011,,,11,0.646,
197012,,,12,-3.211,
197101,,,01,-5.351,
197102,,,02,-5.941,
197103,,,03,-2.440,
197104,,,04,3.424,
197105,,,05,10.180,
197106,,,06,14.668,
197107,,,07,17.281,
197108,,,08,15.604,
197109,,,09,10.596,
197110,,,10,5.488,
197111,,,11,0.646,
197112,,,12,-3.211,
197201,,,01,-5.351,
197202,,,02,-5.941,
197203,,,03,-2.440,
197204,,,04,3.424,
197205,,,05,10.180,
197206,,,06,14.668,
197207,,,07,17.281,
197208,,,08,15.604,
197209,,,09,10.596,
197210,,,10,5.488,
197211,,,11,0.646,
197212,,,12,-3.211,
197301,28.452,-1.971,01,-5.351,3.380
197302,23.750,-4.583,02,-5.941,1.358
197303,29.806,-1.219,03,-2.440,1.222
197304,36.800,2.667,04,3.424,-0.757
197305,50.290,10.161,05,10.180,-0.019
197306,62.133,16.741,06,14.668,2.073
197307,67.516,19.731,07,17.281,2.451
197308,58.839,14.910,08,15.604,-0.693
197309,44.433,6.907,09,10.596,-3.689
197310,36.032,2.240,10,5.488,-3.248
197311,26.533,-3.037,11,0.646,-3.683
197312,20.194,-6.559,12,-3.211,-3.348
197401,26.742,-2.921,01,-5.351,2.430
197402,31.071,-0.516,02,-5.941,5.425
197403,29.903,-1.165,03,-2.440,1.275
197404,36.800,2.667,04,3.424,-0.757
197405,44.839,7.133,05,10.180,-3.047
197406,57.833,14.352,06,14.668,-0.316
197407,60.258,15.699,07,17.281,-1.582
197408,58.419,14.677,08,15.604,-0.926
197409,54.000,12.222,09,10.596,1.626
197410,42.226,5.681,10,5.488,0.193
197411,35.967,2.204,11,0.646,1.558
197412,33.323,0.735,12,-3.211,3.946
197501,29.516,-1.380,01,-5.351,3.971
197502,26.679,-2.956,02,-5.941,2.985
197503,31.355,-0.358,03,-2.440,2.082
197504,38.000,3.333,04,3.424,-0.090
197505,53.400,11.889,05,10.180,1.709
197506,56.600,13.667,06,14.668,-1.001
197507,63.871,17.706,07,17.281,0.426
197508,61.452,16.362,08,15.604,0.758
197509,55.167,12.870,09,10.596,2.274
197510,40.677,4.821,10,5.488,-0.667
197511,34.100,1.167,11,0.646,0.521
197512,28.645,-1.864,12,-3.211,1.348
197601,14.097,-9.946,01,-5.351,-4.595
197602,19.207,-7.107,02,-5.941,-1.166
197603,23.323,-4.821,03,-2.440,-2.380
197604,35.800,2.111,04,3.424,-1.313
197605,52.161,11.201,05,10.180,1.021
197606,55.200,12.889,06,14.668,-1.779
197607,60.323,15.735,07,17.281,-1.546
197608,59.645,15.358,08,15.604,-0.245
197609,46.733,8.185,09,10.596,-2.411
197610,35.065,1.703,10,5.488,-3.785
197611,33.333,0.741,11,0.646,0.095
197612,24.226,-4.319,12,-3.211,-1.108
197701,20.387,-6.452,01,-5.351,-1.101
197702,15.964,-8.909,02,-5.941,-2.967
197703,28.097,-2.168,03,-2.440,0.272
197704,35.167,1.759,04,3.424,-1.665
197705,49.161,9.534,05,10.180,-0.646
197706,57.800,14.333,06,14.668,-0.335
197707,58.742,14.857,07,17.281,-2.424
197708,58.452,14.695,08,15.604,-0.908
197709,47.033,8.352,09,10.596,-2.244
197710,41.645,5.358,10,5.488,-0.129
197711,35.133,1.741,11,0.646,1.095
197712,25.161,-3.799,12,-3.211,-0.588
197801,21.548,-5.806,01,-5.351,-0.456
197802,11.500,-11.389,02,-5.941,-5.448
197803,27.290,-2.616,03,-2.440,-0.176
197804,35.900,2.167,04,3.424,-1.257
197805,51.194,10.663,05,10.180,0.483
197806,58.400,14.667,06,14.668,-0.001
197807,59.226,15.125,07,17.281,-2.155
197808,56.387,13.548,08,15.604,-2.055
197809,47.100,8.389,09,10.596,-2.207
197810,39.129,3.961,10,5.488,-1.527
197811,35.600,2.000,11,0.646,1.354
197812,9.032,-12.760,12,-3.211,-9.548
197901,16.419,-8.656,01,-5.351,-3.305
197902,14.214,-9.881,02,-5.941,-3.940
197903,28.419,-1.989,03,-2.440,0.451
197904,35.033,1.685,04,3.424,-1.739
197905,51.000,10.556,05,10.180,0.376
197906,60.833,16.019,06,14.668,1.351
197907,58.710,14.839,07,17.281,-2.442
197908,60.968,16.093,08,15.604,0.490
197909,49.233,9.574,09,10.596,-1.022
197910,39.032,3.907,10,5.488,-1.581
197911,34.500,1.389,11,0.646,0.743
197912,25.129,-3.817,12,-3.211,-0.606
198001,16.097,-8.835,01,-5.351,-3.484
198002,17.103,-8.276,02,-5.941,-2.335
198003,20.903,-6.165,03,-2.440,-3.725
198004,40.600,4.778,04,3.424,1.354
198005,44.871,7.151,05,10.180,-3.029
198006,62.267,16.815,06,14.668,2.147
198007,62.097,16.720,07,17.281,-0.560
198008,58.613,14.785,08,15.604,-0.819
198009,51.467,10.815,09,10.596,0.219
198010,41.419,5.233,10,5.488,-0.255
198011,27.567,-2.463,11,0.646,-3.109
198012,26.645,-2.975,12,-3.211,0.236
198101,24.613,-4.104,01,-5.351,1.247
198102,21.071,-6.071,02,-5.941,-0.130
198103,21.581,-5.789,03,-2.440,-3.348
198104,35.033,1.685,04,3.424,-1.739
198105,51.935,11.075,05,10.180,0.895
198106,55.267,12.926,06,14.668,-1.742
198107,61.806,16.559,07,17.281,-0.721
198108,57.065,13.925,08,15.604,-1.679
198109,50.500,10.278,09,10.596,-0.318
198110,42.903,6.057,10,5.488,0.570
198111,31.967,-0.019,11,0.646,-0.664
198112,21.065,-6.075,12,-3.211,-2.864
198201,13.355,-10.358,01,-5.351,-5.008
198202,21.714,-5.714,02,-5.941,0.227
198203,31.355,-0.358,03,-2.440,2.082
198204,36.833,2.685,04,3.424,-0.739
198205,48.516,9.176,05,10.180,-1.004
198206,52.800,11.556,06,14.668,-3.112
198207,62.677,17.043,07,17.281,-0.238
198208,60.194,15.663,08,15.604,0.059
198209,50.400,10.222,09,10.596,-0.374
198210,40.871,4.928,10,5.488,-0.559
198211,38.400,3.556,11,0.646,2.910
198212,31.677,-0.179,12,-3.211,3.032
198301,29.194,-1.559,01,-5.351,3.792
198302,17.500,-8.056,02,-5.941,-2.114
198303,27.226,-2.652,03,-2.440,-0.212
198304,41.367,5.204,04,3.424,1.780
198305,52.774,11.541,05,10.180,1.361
198306,56.367,13.537,06,14.668,-1.131
198307,64.032,17.796,07,17.281,0.515
198308,60.194,15.663,08,15.604,0.059
198309,52.500,11.389,09,10.596,0.793
198310,42.516,5.842,10,5.488,0.355
198311,29.067,-1.630,11,0.646,-2.275
198312,27.258,-2.634,12,-3.211,0.577
198401,24.097,-4.391,01,-5.351,0.960
198402,21.759,-5.690,02,-5.941,0.252
198403,24.484,-4.176,03,-2.440,-1.735
198404,40.433,4.685,04,3.424,1.261
198405,54.968,12.760,05,10.180,2.580
198406,57.100,13.944,06,14.668,-0.723
198407,59.290,15.161,07,17.281,-2.119
198408,58.839,14.910,08,15.604,-0.693
198409,49.733,9.852,09,10.596,-0.744
198410,44.839,7.133,10,5.488,1.645
198411,34.133,1.185,11,0.646,0.539
198412,28.484,-1.953,12,-3.211,1.258
198501,4.065,-15.520,01,-5.351,-10.169
198502,4.786,-15.119,02,-5.941,-9.178
198503,27.484,-2.509,03,-2.440,-0.069
198504,33.933,1.074,04,3.424,-2.350
198505,48.968,9.427,05,10.180,-0.753
198506,56.167,13.426,06,14.668,-1.242
198507,60.452,15.806,07,17.281,-1.474
198508,61.032,16.129,08,15.604,0.525
198509,48.533,9.185,09,10.596,-1.411
198510,44.484,6.935,10,5.488,1.448
198511,29.567,-1.352,11,0.646,-1.998
198512,20.355,-6.470,12,-3.211,-3.258
198601,17.774,-7.903,01,-5.351,-2.552
198602,11.107,-11.607,02,-5.941,-5.666
198603,29.800,-1.222,03,-2.440,1.218
198604,33.000,0.556,04,3.424,-2.868
198605,51.581,10.878,05,10.180,0.698
198606,62.300,16.833,06,14.668,2.165
198607,62.871,17.151,07,17.281,-0.130
198608,56.806,13.781,08,15.604,-1.822
198609,44.733,7.074,09,10.596,-3.522
198610,42.194,5.663,10,5.488,0.175
198611,38.633,3.685,11,0.646,3.039
198612,19.323,-7.043,12,-3.211,-3.832
198701,-0.355,-17.975,01,-5.351,-12.624
198702,19.679,-6.845,02,-5.941,-0.904
198703,20.806,-6.219,03,-2.440,-3.778
198704,36.733,2.630,04,3.424,-0.794
198705,47.065,8.369,05,10.180,-1.811
198706,54.833,12.685,06,14.668,-1.983
198707,59.645,15.358,07,17.281,-1.922
198708,54.548,12.527,08,15.604,-3.077
198709,48.100,8.944,09,10.596,-1.652
198710,44.548,6.971,10,5.488,1.484
198711,31.100,-0.500,11,0.646,-1.146
198712,23.516,-4.713,12,-3.211,-1.502
198801,27.355,-2.581,01,-5.351,2.770
198802,24.655,-4.080,02,-5.941,1.861
198803,26.452,-3.082,03,-2.440,-0.642
198804,34.967,1.648,04,3.424,-1.776
198805,53.806,12.115,05,10.180,1.935
198806,63.100,17.278,06,14.668,2.610
198807,67.581,19.767,07,17.281,2.487
198808,58.258,14.588,08,15.604,-1.016
198809,52.300,11.278,09,10.596,0.682
198810,40.290,4.606,10,5.488,-0.882
198811,26.267,-3.185,11,0.646,-3.831
198812,20.774,-6.237,12,-3.211,-3.025
198901,31.548,-0.251,01,-5.351,5.100
198902,32.750,0.417,02,-5.941,6.358
198903,34.871,1.595,03,-2.440,4.035
198904,41.933,5.519,04,3.424,2.095
198905,51.903,11.057,05,10.180,0.877
198906,61.033,16.130,06,14.668,1.462
198907,63.452,17.473,07,17.281,0.193
198908,57.839,14.355,08,15.604,-1.249
198909,52.800,11.556,09,10.596,0.959
198910,41.645,5.358,10,5.488,-0.129
198911,32.867,0.481,11,0.646,-0.164
198912,23.032,-4.982,12,-3.211,-1.771
199001,25.032,-3.871,01,-5.351,1.480
199002,34.107,1.171,02,-5.941,7.112
199003,34.484,1.380,03,-2.440,3.820
199004,43.167,6.204,04,3.424,2.780
199005,49.774,9.875,05,10.180,-0.305
199006,57.900,14.389,06,14.668,-0.279
199007,60.645,15.914,07,17.281,-1.367
199008,60.419,15.789,08,15.604,0.185
199009,47.667,8.704,09,10.596,-1.892
199010,41.613,5.341,10,5.488,-0.147
199011,30.233,-0.981,11,0.646,-1.627
199012,30.161,-1.022,12,-3.211,2.190
199101,26.613,-2.993,01,-5.351,2.358
199102,20.750,-6.250,02,-5.941,-0.309
199103,30.839,-0.645,03,-2.440,1.795
199104,38.633,3.685,04,3.424,0.261
199105,46.484,8.047,05,10.180,-2.133
199106,55.267,12.926,06,14.668,-1.742
199107,63.903,17.724,07,17.281,0.443
199108,62.000,16.667,08,15.604,1.063
199109,49.900,9.944,09,10.596,-0.652
199110,42.548,5.860,10,5.488,0.372
199111,37.733,3.185,11,0.646,2.539
199112,29.774,-1.237,12,-3.211,1.975
199201,29.161,-1.577,01,-5.351,3.774
199202,28.310,-2.050,02,-5.941,3.891
199203,33.645,0.914,03,-2.440,3.354
199204,35.600,2.000,04,3.424,-1.424
199205,52.613,11.452,05,10.180,1.272
199206,60.633,15.907,06,14.668,1.240
199207,62.258,16.810,07,17.281,-0.470
199208,58.935,14.964,08,15.604,-0.639
199209,53.633,12.019,09,10.596,1.422
199210,33.161,0.645,10,5.488,-4.843
199211,29.633,-1.315,11,0.646,-1.961
199212,32.806,0.448,12,-3.211,3.659
199301,28.806,-1.774,01,-5.351,3.577
199302,27.179,-2.679,02,-5.941,3.263
199303,30.806,-0.663,03,-2.440,1.777
199304,38.700,3.722,04,3.424,0.298
199305,56.226,13.459,05,10.180,3.279
199306,53.967,12.204,06,14.668,-2.464
199307,60.968,16.093,07,17.281,-1.187
199308,56.548,13.638,08,15.604,-1.966
199309,43.700,6.500,09,10.596,-4.096
199310,38.806,3.781,10,5.488,-1.706
199311,26.533,-3.037,11,0.646,-3.683
199312,26.677,-2.957,12,-3.211,0.254
199401,24.839,-3.978,01,-5.351,1.372
199402,8.679,-12.956,02,-5.941,-7.015
199403,27.355,-2.581,03,-2.440,-0.140
199404,41.367,5.204,04,3.424,1.780
199405,47.226,8.459,05,10.180,-1.721
199406,55.167,12.870,06,14.668,-1.797
199407,67.871,19.928,07,17.281,2.648
199408,60.065,15.591,08,15.604,-0.012
199409,52.067,11.148,09,10.596,0.552
199410,40.742,4.857,10,5.488,-0.631
199411,31.233,-0.426,11,0.646,-1.072
199412,31.129,-0.484,12,-3.211,2.727
199501,26.323,-3.154,01,-5.351,2.197
199502,31.321,-0.377,02,-5.941,5.564
199503,32.355,0.197,03,-2.440,2.637
199504,38.100,3.389,04,3.424,-0.035
199505,48.581,9.211,05,10.180,-0.968
199506,63.600,17.556,06,14.668,2.888
199507,60.935,16.075,07,17.281,-1.205
199508,61.161,16.201,08,15.604,0.597
199509,51.700,10.944,09,10.596,0.348
199510,46.484,8.047,10,5.488,2.559
199511,28.100,-2.167,11,0.646,-2.812
199512,17.581,-8.011,12,-3.211,-4.799
199601,21.032,-6.093,01,-5.351,-0.742
199602,13.759,-10.134,02,-5.941,-4.193
199603,26.226,-3.208,03,-2.440,-0.768
199604,37.867,3.259,04,3.424,-0.165
199605,48.677,9.265,05,10.180,-0.915
199606,56.433,13.574,06,14.668,-1.094
199607,58.548,14.749,07,17.281,-2.531
199608,63.839,17.688,08,15.604,2.085
199609,47.933,8.852,09,10.596,-1.744
199610,44.194,6.774,10,5.488,1.286
199611,38.133,3.407,11,0.646,2.762
199612,22.839,-5.090,12,-3.211,-1.878
199701,24.613,-4.104,01,-5.351,1.247
199702,26.179,-3.234,02,-5.941,2.707
199703,30.742,-0.699,03,-2.440,1.741
199704,35.633,2.019,04,3.424,-1.405
199705,47.194,8.441,05,10.180,-1.739
199706,61.867,16.593,06,14.668,1.925
199707,65.452,18.584,07,17.281,1.304
199708,65.355,18.530,08,15.604,2.927
199709,50.933,10.519,09,10.596,-0.078
199710,37.484,3.047,10,5.488,-2.441
199711,32.433,0.241,11,0.646,-0.405
199712,26.000,-3.333,12,-3.211,-0.122
199801,28.903,-1.720,01,-5.351,3.630
199802,24.000,-4.444,02,-5.941,1.497
199803,24.419,-4.211,03,-2.440,-1.771
199804,37.300,2.944,04,3.424,-0.479
199805,50.806,10.448,05,10.180,0.268
199806,58.300,14.611,06,14.668,-0.057
199807,61.355,16.308,07,17.281,-0.972
199808,56.774,13.763,08,15.604,-1.840
199809,53.067,11.704,09,10.596,1.108
199810,42.645,5.914,10,5.488,0.426
199811,26.033,-3.315,11,0.646,-3.961
199812,28.419,-1.989,12,-3.211,1.222
199901,22.133,-5.481,01,-5.351,-0.131
199902,19.179,-7.123,02,-5.941,-1.182
199903,29.710,-1.272,03,-2.440,1.168
199904,42.633,5.907,04,3.424,2.484
199905,46.581,8.100,05,10.180,-2.080
199906,65.400,18.556,06,14.668,3.888
199907,66.774,19.319,07,17.281,2.038
199908,59.903,15.502,08,15.604,-0.102
199909,55.267,12.926,09,10.596,2.330
199910,44.355,6.864,10,5.488,1.376
199911,36.900,2.722,11,0.646,2.076
199912,28.258,-2.079,12,-3.211,1.133
200001,27.097,-2.724,01,-5.351,2.627
200002,27.759,-2.356,02,-5.941,3.585
200003,30.871,-0.627,03,-2.440,1.813
200004,43.567,6.426,04,3.424,3.002
200005,51.710,10.950,05,10.180,0.770
200006,58.100,14.500,06,14.668,-0.168
200007,62.548,16.971,07,17.281,-0.309
200008,60.000,15.556,08,15.604,-0.048
200009,49.533,9.741,09,10.596,-0.855
200010,48.161,8.978,10,5.488,3.491
200011,40.400,4.667,11,0.646,4.021
200012,34.258,1.254,12,-3.211,4.466
200101,28.194,-2.115,01,-5.351,3.236
200102,17.786,-7.897,02,-5.941,-1.956
200103,25.548,-3.584,03,-2.440,-1.144
200104,41.900,5.500,04,3.424,2.076
200105,49.355,9.642,05,10.180,-0.538
200106,57.567,14.204,06,14.668,-0.464
200107,68.742,20.412,07,17.281,3.132
200108,61.516,16.398,08,15.604,0.794
200109,53.867,12.148,09,10.596,1.552
200110,46.645,8.136,10,5.488,2.648
200111,31.967,-0.019,11,0.646,-0.664
200112,19.290,-7.061,12,-3.211,-3.850
200201,25.677,-3.513,01,-5.351,1.838
200202,30.536,-0.813,02,-5.941,5.128
200203,32.645,0.358,03,-2.440,2.799
200204,42.433,5.796,04,3.424,2.373
200205,53.710,12.061,05,10.180,1.881
200206,61.467,16.370,06,14.668,1.703
200207,66.903,19.391,07,17.281,2.110
200208,66.871,19.373,08,15.604,3.769
200209,52.167,11.204,09,10.596,0.608
200210,33.065,0.591,10,5.488,-4.896
200211,27.000,-2.778,11,0.646,-3.424
200212,17.226,-8.208,12,-3.211,-4.997
200301,14.355,-9.803,01,-5.351,-4.452
200302,21.643,-5.754,02,-5.941,0.187
200303,29.323,-1.487,03,-2.440,0.953
200304,36.500,2.500,04,3.424,-0.924
200305,49.742,9.857,05,10.180,-0.323
200306,55.600,13.111,06,14.668,-1.557
200307,68.581,20.323,07,17.281,3.042
200308,60.645,15.914,08,15.604,0.310
200309,52.700,11.500,09,10.596,0.904
200310,38.387,3.548,10,5.488,-1.939
200311,37.233,2.907,11,0.646,2.262
200312,30.258,-0.968,12,-3.211,2.244
200401,19.032,-7.204,01,-5.351,-1.853
200402,23.207,-4.885,02,-5.941,1.056
200403,29.452,-1.416,03,-2.440,1.025
200404,39.967,4.426,04,3.424,1.002
200405,50.226,10.125,05,10.180,-0.054
200406,55.400,13.000,06,14.668,-1.668
200407,61.419,16.344,07,17.281,-0.936
200408,62.032,16.685,08,15.604,1.081
200409,54.067,12.259,09,10.596,1.663
200410,42.097,5.609,10,5.488,0.122
200411,31.500,-0.278,11,0.646,-0.924
200412,31.194,-0.448,12,-3.211,2.763
200501,30.226,-0.986,01,-5.351,4.365
200502,21.786,-5.675,02,-5.941,0.267
200503,20.484,-6.398,03,-2.440,-3.957
200504,39.833,4.352,04,3.424,0.928
200505,50.484,10.269,05,10.180,0.089
200506,57.433,14.130,06,14.668,-0.538
200507,66.065,18.925,07,17.281,1.644
200508,61.065,16.147,08,15.604,0.543
200509,54.100,12.278,09,10.596,1.682
200510,44.710,7.061,10,5.488,1.573
200511,38.533,3.630,11,0.646,2.984
200512,25.903,-3.387,12,-3.211,-0.176
200601,23.516,-4.713,01,-5.351,0.638
200602,15.643,-9.087,02,-5.941,-3.146
200603,20.000,-6.667,03,-2.440,-4.226
200604,38.867,3.815,04,3.424,0.391
200605,51.032,10.573,05,10.180,0.394
200606,61.267,16.259,06,14.668,1.591
200607,66.032,18.907,07,17.281,1.626
200608,64.581,18.100,08,15.604,2.497
200609,56.633,13.685,09,10.596,3.089
200610,45.742,7.634,10,5.488,2.147
200611,34.967,1.648,11,0.646,1.002
200612,37.903,3.280,12,-3.211,6.491
200701,27.903,-2.276,01,-5.351,3.075
200702,14.607,-9.663,02,-5.941,-3.721
200703,37.097,2.832,03,-2.440,5.272
200704,41.333,5.185,04,3.424,1.761
200705,51.774,10.986,05,10.180,0.806
200706,59.833,15.463,06,14.668,0.795
200707,63.032,17.240,07,17.281,-0.040
200708,62.871,17.151,08,15.604,1.547
200709,51.667,10.926,09,10.596,0.330
200710,43.581,6.434,10,5.488,0.946
200711,32.133,0.074,11,0.646,-0.572
200712,34.968,1.649,12,-3.211,4.860
200801,31.613,-0.215,01,-5.351,5.136
200802,32.621,0.345,02,-5.941,6.286
200803,31.065,-0.520,03,-2.440,1.921
200804,43.233,6.241,04,3.424,2.817
200805,51.323,10.735,05,10.180,0.555
200806,58.167,14.537,06,14.668,-0.131
200807,62.710,17.061,07,17.281,-0.220
200808,58.645,14.803,08,15.604,-0.801
200809,49.267,9.593,09,10.596,-1.004
200810,46.806,8.226,10,5.488,2.738
200811,36.467,2.481,11,0.646,1.836
200812,32.774,0.430,12,-3.211,3.641
200901,24.839,-3.978,01,-5.351,1.372
200902,23.000,-5.000,02,-5.941,0.941
200903,28.774,-1.792,03,-2.440,0.648
200904,40.233,4.574,04,3.424,1.150
200905,52.677,11.487,05,10.180,1.308
200906,57.400,14.111,06,14.668,-0.557
200907,62.839,17.133,07,17.281,-0.148
200908,60.935,16.075,08,15.604,0.472
200909,55.100,12.833,09,10.596,2.237
200910,37.968,3.315,10,5.488,-2.172
200911,36.600,2.556,11,0.646,1.910
200912,22.387,-5.341,12,-3.211,-2.129
201001,9.387,-12.563,01,-5.351,-7.212
201002,15.571,-9.127,02,-5.941,-3.186
201003,27.355,-2.581,03,-2.440,-0.140
201004,40.300,4.611,04,3.424,1.187
201005,53.419,11.900,05,10.180,1.720
201006,58.800,14.889,06,14.668,0.221
201007,72.194,22.330,07,17.281,5.049
201008,63.806,17.670,08,15.604,2.067
201009,52.700,11.500,09,10.596,0.904
201010,41.097,5.054,10,5.488,-0.434
201011,28.933,-1.704,11,0.646,-2.349
201012,16.032,-8.871,12,-3.211,-5.660
201101,22.194,-5.448,01,-5.351,-0.097
201102,10.500,-11.944,02,-5.941,-6.003
201103,29.129,-1.595,03,-2.440,0.845
201104,42.733,5.963,04,3.424,2.539
201105,51.323,10.735,05,10.180,0.555
201106,63.267,17.370,06,14.668,2.703
201107,69.419,20.789,07,17.281,3.508
201108,62.290,16.828,08,15.604,1.224
201109,55.533,13.074,09,10.596,2.478
201110,45.806,7.670,10,5.488,2.182
201111,39.867,4.370,11,0.646,3.725
201112,35.935,2.186,12,-3.211,5.398
201201,23.000,-5.000,01,-5.351,0.351
201202,17.310,-8.161,02,-5.941,-2.220
201203,31.742,-0.143,03,-2.440,2.297
201204,39.033,3.907,04,3.424,0.484
201205,52.000,11.111,05,10.180,0.931
201206,56.500,13.611,06,14.668,-1.057
201207,64.226,17.903,07,17.281,0.623
201208,59.516,15.287,08,15.604,-0.317
201209,53.167,11.759,09,10.596,1.163
201210,42.548,5.860,10,5.488,0.372
201211,37.833,3.241,11,0.646,2.595
201212,20.065,-6.631,12,-3.211,-3.419
201301,21.452,-5.860,01,-5.351,-0.509
201302,27.286,-2.619,02,-5.941,3.322
201303,19.839,-6.756,03,-2.440,-4.316
201304,36.967,2.759,04,3.424,-0.665
201305,55.935,13.297,05,10.180,3.118
201306,64.067,17.815,06,14.668,3.147
201307,64.452,18.029,07,17.281,0.748
201308,62.645,17.025,08,15.604,1.421
201309,52.867,11.593,09,10.596,0.996
201310,43.839,6.577,10,5.488,1.089
201311,38.400,3.556,11,0.646,2.910
201312,34.452,1.362,12,-3.211,4.573
201401,18.484,-7.509,01,-5.351,-2.158
201402,31.321,-0.377,02,-5.941,5.564
201403,34.742,1.523,03,-2.440,3.964
201404,42.100,5.611,04,3.424,2.187
201405,51.484,10.824,05,10.180,0.644
201406,56.400,13.556,06,14.668,-1.112
201407,67.968,19.982,07,17.281,2.702
201408,63.129,17.294,08,15.604,1.690
201409,53.400,11.889,09,10.596,1.293
201410,42.323,5.735,10,5.488,0.247
201411,36.167,2.315,11,0.646,1.669
201412,29.935,-1.147,12,-3.211,2.064
201501,28.742,-1.810,01,-5.351,3.541
201502,32.214,0.119,02,-5.941,6.060
201503,35.000,1.667,03,-2.440,4.107
201504,41.300,5.167,04,3.424,1.743
201505,49.258,9.588,05,10.180,-0.592
201506,56.367,13.537,06,14.668,-1.131
201507,60.935,16.075,07,17.281,-1.205
201508,62.065,16.703,08,15.604,1.099
201509,54.567,12.537,09,10.596,1.941
201510,41.323,5.179,10,5.488,-0.309
201511,40.267,4.593,11,0.646,3.947
201512,35.968,2.204,12,-3.211,5.416
201601,13.581,-10.233,01,-5.351,-4.882
201602,31.207,-0.441,02,-5.941,5.501
201603,32.129,0.072,03,-2.440,2.512
201604,40.367,4.648,04,3.424,1.224
201605,56.935,13.853,05,10.180,3.673
201606,59.667,15.370,06,14.668,0.703
201607,63.355,17.419,07,17.281,0.139
201608,60.613,15.896,08,15.604,0.292
201609,54.400,12.444,09,10.596,1.848
201610,40.097,4.498,10,5.488,-0.990
201611,31.034,-0.536,11,0.646,-1.182
201612,30.581,-0.789,12,-3.211,2.423
201701,26.800,-2.889,01,-5.351,2.462
201702,26.250,-3.194,02,-5.941,2.747
201703,33.258,0.699,03,-2.440,3.139
201704,36.033,2.241,04,3.424,-1.183
201705,49.032,9.462,05,10.180,-0.718
201706,56.300,13.500,06,14.668,-1.168
201707,60.290,15.717,07,17.281,-1.564
201708,60.290,15.717,08,15.604,0.113
201709,52.333,11.296,09,10.596,0.700
201710,48.250,9.028,10,5.488,3.540
